time,x,y,yaw
1748372932.647114,-0.2907262773741921,3.6181429521029735,-1.6682613986516344
1748372932.74742,-0.2907262773741921,3.6181429521029735,-1.6682613986516344
1748372932.848395,-0.2907262773741921,3.6181429521029735,-1.6682613986516344
1748372932.947153,-0.2907262773741921,3.6181429521029735,-1.6682613986516344
1748372933.047912,-0.2907262773741921,3.6181429521029735,-1.6682613986516344
1748372933.148224,-0.2907262773741921,3.6181429521029735,-1.6682613986516344
1748372933.249247,-0.2907262773741921,3.6181429521029735,-1.6682613986516344
1748372933.352409,-0.2907262773741921,3.6181429521029735,-1.6682613986516344
1748372933.450328,-0.2907262773741921,3.6181429521029735,-1.6682613986516344
1748372933.547571,-0.2907262773741921,3.6181429521029735,-1.6682613986516344
1748372933.648902,-0.2907262773741921,3.6181429521029735,-1.6682613986516344
1748372933.749395,-0.2907262773741921,3.6181429521029735,-1.6682613986516344
1748372933.847861,-0.2907262773741921,3.6181429521029735,-1.6682613986516344
1748372933.946699,-0.2907262773741921,3.6181429521029735,-1.6682613986516344
1748372934.047399,-0.2907262773741921,3.6181429521029735,-1.6682613986516344
1748372934.150158,-0.2907262773741921,3.6181429521029735,-1.6682613986516344
1748372934.24816,-0.2907262773741921,3.6181429521029735,-1.6682613986516344
1748372934.346554,-0.2907262773741921,3.6181429521029735,-1.6682613986516344
1748372934.445175,-0.2907262773741921,3.6181429521029735,-1.6682613986516344
1748372934.548298,-0.2907262773741921,3.6181429521029735,-1.6682613986516344
1748372934.645332,-0.2907262773741921,3.6181429521029735,-1.6682613986516344
1748372934.744294,-0.2907262773741921,3.6181429521029735,-1.6682613986516344
1748372934.842976,-0.2907262773741921,3.6181429521029735,-1.6682613986516344
1748372934.942765,-0.2907262773741921,3.6181429521029735,-1.6682613986516344
1748372935.042766,-0.2907262773741921,3.6181429521029735,-1.6682613986516344
1748372935.144165,-0.2907262773741921,3.6181429521029735,-1.6682613986516344
1748372935.243019,-0.2907262773741921,3.6181429521029735,-1.6682613986516344
1748372935.342915,-0.2907262773741921,3.6181429521029735,-1.6682613986516344
1748372935.444283,-0.2907262773741921,3.6181429521029735,-1.6682613986516344
1748372935.542124,-0.2907262773741921,3.6181429521029735,-1.6682613986516344
1748372935.642896,-0.2907262773741921,3.6181429521029735,-1.6682613986516344
1748372935.745192,-0.2907262773741921,3.6181429521029735,-1.6682613986516344
1748372935.843661,-0.2907262773741921,3.6181429521029735,-1.6682613986516344
1748372935.942786,-0.2907262773741921,3.6181429521029735,-1.6682613986516344
1748372936.045121,-0.2907262773741921,3.6181429521029735,-1.6682613986516344
1748372936.141991,-0.2907262773741921,3.6181429521029735,-1.6682613986516344
1748372936.244659,-0.2907262773741921,3.6181429521029735,-1.6682613986516344
1748372936.342607,-0.2907262773741921,3.6181429521029735,-1.6682613986516344
1748372936.444545,-0.2907262773741921,3.6181429521029735,-1.6682613986516344
1748372936.543315,-0.2907262773741921,3.6181429521029735,-1.6682613986516344
1748372936.642864,-0.2907262773741921,3.6181429521029735,-1.6682613986516344
1748372936.743166,-0.2907262773741921,3.6181429521029735,-1.6682613986516344
1748372936.842108,-0.2907262773741921,3.6181429521029735,-1.6682613986516344
1748372936.941608,-0.2907262773741921,3.6181429521029735,-1.6682613986516344
1748372937.041612,-0.2907262773741921,3.6181429521029735,-1.6682613986516344
1748372937.140954,-0.2907262773741921,3.6181429521029735,-1.6682613986516344
1748372937.241173,-0.2907262773741921,3.6181429521029735,-1.6682613986516344
1748372937.340162,-0.2907262773741921,3.6181429521029735,-1.6682613986516344
1748372937.440966,-0.2907262773741921,3.6181429521029735,-1.6682613986516344
1748372937.539156,-0.2907262773741921,3.6181429521029735,-1.6682613986516344
1748372937.642127,-0.2907262773741921,3.6181429521029735,-1.6682613986516344
1748372937.738166,-0.2907262773741921,3.6181429521029735,-1.6682613986516344
1748372937.839691,-0.2907262773741921,3.6181429521029735,-1.6682613986516344
1748372937.938214,-0.2907262773741921,3.6181429521029735,-1.6682613986516344
1748372938.038194,-0.2907262773741921,3.6181429521029735,-1.6682613986516344
1748372938.137593,-0.2907262773741921,3.6181429521029735,-1.6682613986516344
1748372938.237884,-0.2907262773741921,3.6181429521029735,-1.6682613986516344
1748372938.337678,-0.2907262773741921,3.6181429521029735,-1.6682613986516344
1748372938.4391,-0.2907262773741921,3.6181429521029735,-1.6682613986516344
1748372938.541619,-0.2907262773741921,3.6181429521029735,-1.6682613986516344
1748372938.640437,-0.2907262773741921,3.6181429521029735,-1.6682613986516344
1748372938.738772,-0.2907262773741921,3.6181429521029735,-1.6682613986516344
1748372938.84002,-0.2907262773741921,3.6181429521029735,-1.6682613986516344
1748372938.936918,-0.2907262773741921,3.6181429521029735,-1.6682613986516344
1748372939.039987,-0.2907262773741921,3.6181429521029735,-1.6682613986516344
1748372939.137562,-0.2907262773741921,3.6181429521029735,-1.6682613986516344
1748372939.237246,-0.2907262773741921,3.6181429521029735,-1.6682613986516344
1748372939.337801,-0.2907262773741921,3.6181429521029735,-1.6682613986516344
1748372939.437976,-0.2907262773741921,3.6181429521029735,-1.6682613986516344
1748372939.537884,-0.2907262773741921,3.6181429521029735,-1.6682613986516344
1748372939.638298,-0.2907262773741921,3.6181429521029735,-1.6682613986516344
1748372939.737342,-0.2907262773741921,3.6181429521029735,-1.6682613986516344
1748372939.837415,-0.2907262773741921,3.6181429521029735,-1.6682613986516344
1748372939.939962,-0.2907262773741921,3.6181429521029735,-1.6682613986516344
1748372940.036086,-0.2907262773741921,3.6181429521029735,-1.6682613986516344
1748372940.136334,-0.2907262773741921,3.6181429521029735,-1.6682613986516344
1748372940.235556,-0.2907262773741921,3.6181429521029735,-1.6682613986516344
1748372940.336711,-0.2907262773741921,3.6181429521029735,-1.6682613986516344
1748372940.435586,-0.2907262773741921,3.6181429521029735,-1.6682613986516344
1748372940.534629,-0.2907262773741921,3.6181429521029735,-1.6682613986516344
1748372940.633403,-0.2907262773741921,3.6181429521029735,-1.6682613986516344
1748372940.734884,-0.2907262773741921,3.6181429521029735,-1.6682613986516344
1748372940.833514,-0.2907262773741921,3.6181429521029735,-1.6682613986516344
1748372940.934503,-0.29113185930511265,3.613994831734755,-1.6668292925733506
1748372941.034731,-0.2919251161432428,3.605759984750631,-1.6618000395761041
1748372941.135587,-0.29268166051415334,3.597469611656921,-1.6586095498478495
1748372941.234878,-0.29411918337633636,3.581141478822235,-1.6560101155925333
1748372941.339279,-0.2963194860100291,3.5553830383982032,-1.6523658384469935
1748372941.433288,-0.29884848818762944,3.5244475741573655,-1.6446747334848593
1748372941.532792,-0.30024970019125563,3.476657687303343,-1.6332748460204354
1748372941.632733,-0.3033401096921591,3.4272585132009565,-1.6152867582419441
1748372941.731207,-0.3017811274683815,3.3650328085452577,-1.6084046733510327
1748372941.831923,-0.3012836599023865,3.2931728581665323,-1.6111921824213447
1748372941.935857,-0.30771264035407775,3.2083845933399475,-1.6075687823230511
1748372942.032073,-0.31243395056604184,3.120782132553022,-1.5923389451974266
1748372942.13498,-0.3181550057596214,3.0209970886843363,-1.5847685087163177
1748372942.23212,-0.3194993257579095,2.9247893149458286,-1.5717350155097256
1748372942.333099,-0.3250148484869442,2.816101949133179,-1.5567923001491661
1748372942.429729,-0.3292271871076071,2.714781696024413,-1.550435307921645
1748372942.532882,-0.32792771956083655,2.6046878835697185,-1.5560087566515273
1748372942.631227,-0.33090073386621244,2.500306475574847,-1.5610484594994651
1748372942.737187,-0.32955954358006245,2.389456807683316,-1.561255069587208
1748372942.831602,-0.3298654636069438,2.29176930697005,-1.5713454796810205
1748372942.933524,-0.3262627333088248,2.1848751054889037,-1.5758672002846312
1748372943.028653,-0.32678035224764757,2.0827991015775686,-1.57659358774701
1748372943.131017,-0.33110375183425855,1.9779123916389616,-1.573558404434629
1748372943.230724,-0.33420221164751096,1.8679687970271912,-1.5580708342936267
1748372943.331952,-0.33065166868153906,1.7656277514147787,-1.5204447778117607
1748372943.431273,-0.3287461778568668,1.6641482175713067,-1.4802123754826795
1748372943.528712,-0.31758157704041157,1.5676636721787967,-1.446059164861408
1748372943.627711,-0.303294058164836,1.4658993183647917,-1.4100024965211633
1748372943.728412,-0.28562111413092395,1.3636823332772527,-1.3540591310544958
1748372943.833043,-0.26240593786398825,1.2582527063286806,-1.2819258782266276
1748372943.928674,-0.2334506177655442,1.1616293784361513,-1.2174434688111737
1748372944.028111,-0.19439090124383251,1.063447488423309,-1.164753874004166
1748372944.13507,-0.14485328297370725,0.9635576277714986,-1.092202534006131
1748372944.231249,-0.0962116589235229,0.8765020865259299,-1.0394944868943559
1748372944.32904,-0.047399717535963504,0.785216087013695,-0.9943376117207798
1748372944.430025,0.010688407906322084,0.7030393328713913,-0.9375812247219376
1748372944.529796,0.06916582085240597,0.6233753240935362,-0.886865034220746
1748372944.628614,0.13682911197573944,0.546979804577326,-0.8313538184072308
1748372944.728827,0.20180382927886553,0.4720818357361738,-0.7872680615159742
1748372944.828677,0.2711527079560361,0.3951935568741165,-0.7587857640799693
1748372944.928254,0.3379573799971156,0.336634007775487,-0.715261954195397
1748372945.029096,0.41742831402951563,0.26552823716351526,-0.6610980748795188
1748372945.128807,0.48843117923516954,0.20207531380403765,-0.6219800664431115
1748372945.23032,0.5701495604467517,0.14349120355102674,-0.5730359120010857
1748372945.327584,0.6614058031148963,0.09071427059170034,-0.5177482688108348
1748372945.427213,0.7431972523189343,0.03923482783400356,-0.47204908264056555
1748372945.527073,0.8227450398953001,-0.011292407975707519,-0.4273751631075503
1748372945.627405,0.9087958785990017,-0.05744245303269313,-0.3689277488522633
1748372945.726958,0.9959004296941154,-0.09290347793225084,-0.3220361427617951
1748372945.826169,1.0856807937297799,-0.12447766753029832,-0.2690511344480583
1748372945.924397,1.1762891110338627,-0.15310332970129448,-0.21688768087173174
1748372946.024779,1.281479659577927,-0.17628245955546085,-0.16618925123686829
1748372946.124139,1.3772143186225194,-0.18883387768280624,-0.10944957128137978
1748372946.227057,1.4846638001511774,-0.19207139068993673,-0.041911352270061465
1748372946.322969,1.5784881458234106,-0.19626137143711997,0.008811305693693533
1748372946.428805,1.684616927945558,-0.1913228694697393,0.06441777390434121
1748372946.524621,1.7774619646607743,-0.18243101124118244,0.09587866567381145
1748372946.624817,1.881672421870515,-0.16345701831721904,0.11171074545319983
1748372946.723276,1.9824785501556654,-0.1441179668638073,0.12318878456035336
1748372946.823465,2.080963846224366,-0.1319239370438039,0.12176802161736858
1748372946.922818,2.1780002384743575,-0.11627060114347998,0.11777321882304986
1748372947.026327,2.2783656522091924,-0.11856497754896633,0.10342568763114073
1748372947.123457,2.3767507476534915,-0.11437415105393178,0.08364352709340218
1748372947.226858,2.492046689452269,-0.09533149870785795,0.06614897232753762
1748372947.324489,2.5940690933759853,-0.0829281937618207,0.04871278224465608
1748372947.4235,2.7059722476497323,-0.07454306352776108,0.027739249482811243
1748372947.524743,2.8145683482054062,-0.07152991632386829,-0.008374298646070014
1748372947.62356,2.9223487424330017,-0.060524952150039724,-0.030319905969891408
1748372947.723502,3.0330024164016325,-0.06458109154479352,-0.05399610176106499
1748372947.823607,3.132477266114133,-0.06727691525988,-0.06136374603107202
1748372947.924517,3.238446218382749,-0.0696775090124353,-0.06022122747245756
1748372948.023365,3.337690175872818,-0.08154093425892395,-0.06336517356976183
1748372948.1243,3.432532985891154,-0.10010260763138934,-0.06811317931612135
1748372948.22186,3.5329589822933576,-0.10695353956040154,-0.06960307827112189
1748372948.321717,3.631609832646881,-0.10931238883088046,-0.07033259681727723
1748372948.422054,3.7324764989422334,-0.1153139227357114,-0.06513886136304976
1748372948.52152,3.83012759760778,-0.12448501373784371,-0.06681601268357214
1748372948.620309,3.928085550288324,-0.1319904524071207,-0.0628863120675354
1748372948.72246,4.021000714851321,-0.14659217733196073,-0.05460713928104304
1748372948.819308,4.114677931669775,-0.15808338212940143,-0.05493450737930926
1748372948.919163,4.207717170936165,-0.1688504175363823,-0.04943362151498061
1748372949.021656,4.309112437614658,-0.17386683962030336,-0.033222251850960116
1748372949.1183,4.398749680250418,-0.1826405290783386,-0.02998800192593216
1748372949.217977,4.489590870266003,-0.1915325851165104,-0.0258808044942538
1748372949.318119,4.5825607454047965,-0.20375259037522486,-0.01262051894501103
1748372949.419274,4.6755022867329386,-0.21217766750970313,-3.7940669513452476e-05
1748372949.518628,4.764809007024968,-0.2233247208029514,0.015161740949713013
1748372949.61866,4.865614449047268,-0.22208156710104987,0.03800259131210428
1748372949.718325,4.96517481022604,-0.21964275849063153,0.04922681655715736
1748372949.819049,5.06066905353933,-0.21493808002846215,0.07186061387529323
1748372949.919897,5.150749112978662,-0.221557434301209,0.09227700365697053
1748372950.020666,5.247418688653045,-0.21997997408027103,0.10229039711047405
1748372950.1187,5.334985478001608,-0.2142434534355706,0.12630053250302758
1748372950.218283,5.4300328751556615,-0.2087874514930288,0.14991136179628542
1748372950.320029,5.526545292082162,-0.1957406809863249,0.16692247333752572
1748372950.418719,5.61764085915399,-0.18268691839852824,0.19825260783976106
1748372950.518141,5.715224926050588,-0.16314824221660462,0.23723462721480906
1748372950.620199,5.813481905909061,-0.13939091336491316,0.28466031482533627
1748372950.717676,5.904357098456926,-0.11899753277534675,0.3327819538666538
1748372950.818396,6.00095266723577,-0.09358254131304733,0.3763710345418469
1748372950.91716,6.095333573832155,-0.05772872011057384,0.4169622308290448
1748372951.016959,6.186271888175634,-0.012658616922798238,0.472779962345516
1748372951.116736,6.281254152917995,0.036694678642859024,0.5246355319841937
1748372951.216913,6.367286312773555,0.09296407901816472,0.5742040403787018
1748372951.316516,6.453572316324008,0.14878386181914838,0.6253781563837167
1748372951.42008,6.539157775429897,0.2095133971283456,0.6781549140259129
1748372951.516755,6.612675889005326,0.2740315976398673,0.7267926630826931
1748372951.616483,6.688841942816372,0.338043168953555,0.7782951198077518
1748372951.715299,6.760542208192392,0.4091074087595006,0.8406938110874589
1748372951.813991,6.827385863677839,0.49159887741141617,0.8870580023460198
1748372951.91458,6.895351208324934,0.56705980949158,0.927160351666332
1748372952.013144,6.953938225429751,0.6451538878653684,0.971349643094088
1748372952.113634,7.005516271184334,0.7222068662887926,1.0136045194029837
1748372952.213261,7.062226403460593,0.8022004122552486,1.0531194419487029
1748372952.313583,7.112374737146071,0.8876650577823302,1.097152437859669
1748372952.41379,7.151448476016863,0.9808181430859477,1.144780859442545
1748372952.513151,7.186986362358447,1.0664180995479011,1.191686226062775
1748372952.613453,7.225747190585723,1.1634840506948008,1.2368908909956273
1748372952.714292,7.268221519219285,1.2582449997897278,1.2745444153321794
1748372952.81361,7.296940698678702,1.3523339813355806,1.318638443907353
1748372952.913519,7.321603337965058,1.4449311610663553,1.368224213318693
1748372953.012378,7.339608391312967,1.547937186382236,1.4156276072029261
1748372953.1117,7.35689592,1.6447406062278516,1.4633994106226618
1748372953.210944,7.365828152497538,1.7436458321740655,1.5146987339558016
1748372953.311734,7.372819454869288,1.8483133856150928,1.5452896773458762
1748372953.412315,7.3829457078444,1.939479405125165,1.5767083489639955
1748372953.51156,7.391847662795028,2.0256828115928984,1.5996324008526015
1748372953.610399,7.389025002542576,2.123542105408834,1.6158048983767541
1748372953.71256,7.383487602058533,2.219393979409766,1.6286180495676832
1748372953.810106,7.383815584343484,2.311396334904341,1.6353064795002483
1748372953.910367,7.367054157497159,2.425411307459407,1.6417447782333354
1748372954.012309,7.353773638348287,2.5292647218610536,1.6524779282578796
1748372954.111785,7.347938381592333,2.63199922871743,1.6531142138060642
1748372954.214078,7.339684462959978,2.7366809948134794,1.6523529467798899
1748372954.312024,7.333186082582283,2.8350825778178343,1.6562125924118247
1748372954.408983,7.324651489514766,2.9347571181200443,1.660337455140711
1748372954.510436,7.318928907670909,3.0401909398681464,1.6570361019857884
1748372954.608642,7.318084120604563,3.139867237487625,1.6522929152091528
1748372954.711986,7.307293192569294,3.248552743101388,1.6497645404633903
1748372954.809877,7.300009777967918,3.3461384887412837,1.6358901027534805
1748372954.91021,7.292736678824936,3.4557895493283612,1.631770607032099
1748372955.00904,7.285938664535392,3.554135173203003,1.6534842082583223
1748372955.108176,7.277828459654548,3.651993678916575,1.6965241025959898
1748372955.207956,7.264422515601222,3.754944888389029,1.7360341236596593
1748372955.307641,7.255863015092025,3.8395959288707995,1.7788004394133357
1748372955.408677,7.2286087597997115,3.9215601654384695,1.8209095577455245
1748372955.511689,7.209001119171523,3.996619252361092,1.8651607026822925
1748372955.611956,7.191544113340888,4.063478533795383,1.8919299361918958
1748372955.708868,7.168058383457193,4.132592595930221,1.9311218462736792
1748372955.808121,7.1420618741460675,4.201590117865258,1.9682578192976585
1748372955.90966,7.111552653668189,4.2726775753561785,2.0151419908934702
1748372956.006273,7.084130804759809,4.3390386847560585,2.0565533710354016
1748372956.107303,7.047079657964311,4.415459955494841,2.0973844773227936
1748372956.210706,7.002052352401284,4.485274593694712,2.1350149936118403
1748372956.308209,6.965710507587451,4.553924119048803,2.17363530579907
1748372956.406844,6.920856859015765,4.623218746212129,2.213049076685114
1748372956.505331,6.873001574624352,4.685942947353849,2.2681172005739048
1748372956.606977,6.824511490802037,4.743826429201801,2.3277698372895874
1748372956.705858,6.767136028178885,4.8023023819129325,2.382413183084182
1748372956.807792,6.705151665153295,4.8669883237604346,2.4278245550972635
1748372956.905588,6.6463257551885535,4.9162403016596015,2.4848967674085567
1748372957.004503,6.578531872909721,4.968481162562938,2.5405487103959103
1748372957.115569,6.503547219098833,5.016542059509704,2.5966684805380753
1748372957.205088,6.440620278475912,5.048831560437054,2.642285920198554
1748372957.304014,6.379686953387772,5.082064758080972,2.6920331568406874
1748372957.40554,6.312789379968718,5.116860919797297,2.741047686500236
1748372957.504162,6.250172425454345,5.147001958632231,2.7890056524968148
1748372957.604889,6.181079472579714,5.177020883434956,2.8134975128115705
1748372957.705543,6.111429822409665,5.200501064239378,2.8475187378685027
1748372957.804994,6.046415994254975,5.223716201749783,2.879383234578697
1748372957.904151,5.9697032520310085,5.253485426015647,2.911224707752063
1748372958.004928,5.898081584310415,5.266842546097691,2.947115957758093
1748372958.108211,5.826983928573669,5.280846377187625,2.9782112693468075
1748372958.204752,5.760449264399846,5.293726564662935,2.998479104822204
1748372958.307708,5.686622692547848,5.313799896020361,3.0274809498360598
1748372958.404581,5.620737111446444,5.329053463068759,3.0351407081942874
1748372958.504977,5.554276958225507,5.339378596985226,3.0618138902803844
1748372958.606081,5.478247860660927,5.352816925832442,3.072781688537394
1748372958.707346,5.404053768652995,5.359475402484493,3.0979188831258946
1748372958.81144,5.322949232166788,5.366504443513576,3.1054766512048095
1748372958.905497,5.253122198591104,5.369027413878741,3.12609932079475
1748372959.003684,5.1855347151462166,5.370791915349851,3.1307257365267787
1748372959.103768,5.120213343493772,5.369697688595963,-3.134017038848404
1748372959.202877,5.0426034934915736,5.36613955336093,-3.1156095545008666
1748372959.305729,4.970548255978315,5.356634288475367,-3.092225936210311
1748372959.403136,4.893815712677483,5.347088640799874,-3.0768395352972457
1748372959.503317,4.8207664770729775,5.339850170810168,-3.0646288240747825
1748372959.604744,4.749815697773313,5.3343787196049695,-3.053896793306345
1748372959.707513,4.674845061226806,5.3298349419834885,-3.049963347221643
1748372959.808196,4.614302517426134,5.324461926082808,-3.0448506774779647
1748372959.901885,4.555313799398692,5.321167728055933,-3.0454716025541186
1748372960.004587,4.489445173020526,5.3208372766487315,-3.052666188852379
1748372960.104553,4.414838054388958,5.3235445157120385,-3.06130204655869
1748372960.202228,4.337189073592555,5.320041102531069,-3.0753721511711976
1748372960.29877,4.258279597066841,5.314935667177354,-3.0925122541147547
1748372960.405362,4.170402856481931,5.310619175109599,-3.114487991171106
1748372960.503356,4.093948105786479,5.308408463887579,-3.124486564973416
1748372960.602148,4.007229959656952,5.301645522264712,-3.1393297760266305
1748372960.704991,3.9229821160806977,5.308184533897716,3.1244673169943735
1748372960.806612,3.8236728239485505,5.305899160329368,3.1094797103979492
1748372960.900562,3.7350886102952456,5.304769173400018,3.086052398146552
1748372960.999517,3.6366890092416484,5.307206792329323,3.081591647087784
1748372961.104473,3.550212423094746,5.312401710144272,3.088003052380991
1748372961.199551,3.469146932965816,5.319955577178261,3.100339926248517
1748372961.304513,3.374591911750282,5.323839247610853,3.11156391740794
1748372961.418053,3.2649488692022794,5.327288482119629,3.117153358744849
1748372961.504037,3.1901271977462393,5.3236679745408395,3.1250658163789753
1748372961.599245,3.105337406901585,5.331957878489755,3.133194638978235
1748372961.701227,3.008811033014476,5.32914935974377,-3.134716565949854
1748372961.798327,2.923822436566776,5.333802223500915,-3.1217830002388847
1748372961.901492,2.8301712325062116,5.331946782900767,-3.119082143263007
1748372961.9984,2.7386949149864495,5.338018130481016,-3.1147800596008537
1748372962.116674,2.6187859314294304,5.326210905183984,-3.09867308627337
1748372962.203037,2.5316872341405654,5.331188993987403,-3.1085426187455854
1748372962.299924,2.442486405255917,5.341415748796442,-3.1087443872953227
1748372962.398179,2.3572464161832105,5.336704810845543,-3.1037383452428373
1748372962.502309,2.2574181881082196,5.341878290525605,-3.119911792444132
1748372962.607875,2.148639674196703,5.34744644185924,-3.1253851215682045
1748372962.702113,2.0553094634045306,5.345933657015419,-3.1246655392044755
1748372962.801435,1.9566465190290456,5.3369282306926245,-3.1343881931413087
1748372962.904401,1.8653239330448095,5.347634505851576,-3.1265110314383002
1748372963.00302,1.7768482176504352,5.34146978745413,-3.113319321271621
1748372963.09783,1.683006086388959,5.336840613976419,-3.099600224768254
1748372963.194733,1.5866859545012069,5.3308703411587075,-3.0788495868791665
1748372963.294404,1.492324864451527,5.32586738467257,-3.045294371370036
1748372963.398545,1.3810950585078443,5.315122912427642,-3.0106463156938212
1748372963.494443,1.2850189339973959,5.298898083775524,-2.967450541087512
1748372963.60014,1.177761160233905,5.289439395492154,-2.9153912697597884
1748372963.694948,1.0879695003004208,5.275864076435815,-2.872519723595271
1748372963.796089,0.9827872817697735,5.250805431762159,-2.8239916279096278
1748372963.904747,0.8719088215815156,5.225380118643992,-2.760900593810695
1748372963.996575,0.7786002995251534,5.190244365235533,-2.703542384039897
1748372964.094022,0.686007701018631,5.146013183007422,-2.636574755584873
1748372964.195177,0.5946677495331272,5.095517176312673,-2.5777619316471583
1748372964.295464,0.5117057147561834,5.044195030145975,-2.5213968567123852
1748372964.40027,0.4252693430139236,4.982284533429486,-2.4615457721170118
1748372964.494575,0.3548896329285043,4.927291693688401,-2.4013124410776716
1748372964.60108,0.2797195795340808,4.870253778825264,-2.355798295238882
1748372964.694521,0.21476271212757259,4.809002096010511,-2.306290465818015
1748372964.7983,0.1412258103401982,4.722385795414017,-2.2363456967915916
1748372964.893606,0.08536316713011893,4.651226405050568,-2.189250635933096
1748372964.992833,0.033899740783685184,4.582956480417936,-2.153358019574254
1748372965.092657,-0.017326692555638123,4.518417211909979,-2.103419652277682
1748372965.191767,-0.06605725366403647,4.458992868538886,-2.0657341975239976
1748372965.291572,-0.11848239241201974,4.388708566654717,-2.0257710976498706
1748372965.397672,-0.17269887598725742,4.300454550775839,-1.9856565413728564
1748372965.490246,-0.2099356890016335,4.2094470905453365,-1.9359659453403577
1748372965.590841,-0.24700022180954684,4.112499830902223,-1.8890006064696945
1748372965.689649,-0.2826791857705322,4.026507633214887,-1.8613702447850744
1748372965.790511,-0.3125785117528974,3.9291682807724184,-1.8221389495005857
1748372965.890769,-0.33783037106462,3.843775173110338,-1.775266381052753
1748372965.990138,-0.36035408405876934,3.7429768065524316,-1.7309838237769286
1748372966.089066,-0.3796708350431399,3.6358858536048055,-1.6865552332174147
1748372966.190202,-0.3884756495034951,3.5254486133286997,-1.6216486584460985
1748372966.291633,-0.39221578602017937,3.4150680243982063,-1.57838073565476
1748372966.393805,-0.39304729377331205,3.3054363016420987,-1.5295645438694392
1748372966.489871,-0.3931910670210428,3.213310088903925,-1.4978112241900996
1748372966.589181,-0.38758046561080706,3.1139542663548783,-1.4720665652053126
1748372966.687464,-0.37597851194500853,3.008707131122448,-1.460198807743786
1748372966.792328,-0.3670475540758207,2.8977992442547165,-1.4580645729704704
1748372966.888392,-0.3613685699376119,2.7812779245591472,-1.4592070872885974
1748372966.990426,-0.34078979921672503,2.6669421629996752,-1.4635793636854395
1748372967.090685,-0.34564250004561714,2.5708363969494643,-1.4898626829659263
1748372967.188709,-0.33746593764029953,2.470029101454516,-1.5021593704281089
1748372967.287291,-0.337329836244026,2.3767126480779712,-1.5115441669504373
1748372967.387564,-0.3330795554630803,2.2696893339416633,-1.5264859267413424
1748372967.489092,-0.3506898769643436,2.1850112857462642,-1.5519699566951817
1748372967.586599,-0.3437784972748974,2.0829229717489373,-1.555180068203794
1748372967.687947,-0.35034051228743346,1.9814573287743684,-1.5738734044360712
1748372967.786522,-0.3551656532714822,1.8816171180257566,-1.5723900746063382
1748372967.885841,-0.3553224387374514,1.783241871893976,-1.5420548241756284
1748372967.985687,-0.3585969221758798,1.694307835731295,-1.5096829678607193
1748372968.086819,-0.36195101704579646,1.611902084426725,-1.456762440680762
1748372968.184955,-0.3504426719158922,1.5191393105623696,-1.4022337707677452
1748372968.287085,-0.3396951680126208,1.4229496624274942,-1.3503592574166339
1748372968.385571,-0.3142462569690898,1.3232745169250544,-1.3041664912927715
1748372968.487919,-0.2873274029398667,1.2168647613931638,-1.242244496829307
1748372968.585269,-0.25621369822926576,1.125597493633422,-1.1826706582106883
1748372968.683978,-0.21101914107068698,1.0246514704351855,-1.1110933156804157
1748372968.785044,-0.16038125866907915,0.931745746431135,-1.0435634570063366
1748372968.885132,-0.1051367627360622,0.8406791246146419,-0.9844357839383217
1748372968.984573,-0.04434961886797262,0.7540873563126178,-0.9288949671559986
1748372969.083941,0.012825918612996867,0.6708815321179253,-0.8689186027108996
1748372969.184175,0.08485439503589398,0.5963142800273582,-0.8064638849638972
1748372969.283705,0.15548720116998127,0.5208694859280998,-0.7516472191019237
1748372969.385678,0.2292773635305667,0.45189944559765927,-0.696696970370508
1748372969.482941,0.30297031822957354,0.39003142505746347,-0.6710506437200738
1748372969.586138,0.3900060068449689,0.32293092390373523,-0.629481589419169
1748372969.683745,0.4772902322748742,0.26105547692304487,-0.5912930419067146
1748372969.782116,0.5695805547838066,0.1976497833628672,-0.5116309643941102
1748372969.882768,0.6649709213735018,0.14406385836787994,-0.320012596665208
1748372969.982402,0.7773248408576077,0.11193279442925252,-0.12567863864426215
1748372970.082895,0.8843073873479825,0.09841613281158157,0.059251616716350056
1748372970.181489,0.9944264704851397,0.1072436217096513,0.11825885783165627
1748372970.281406,1.1151127567018602,0.11079259011052933,0.10751365743215513
1748372970.38324,1.2374806131772162,0.12249593293116057,0.08100891517274246
1748372970.484757,1.376357389396993,0.13711858721859294,0.06821341920970858
1748372970.581619,1.5101193530185366,0.1488469427251644,0.051374904603179755
1748372970.681347,1.6446972024853854,0.15035493514935183,0.04147401329214544
1748372970.781592,1.77197228352088,0.14700319751254298,0.037478206089936454
1748372970.880789,1.8906133335022184,0.15145173425806302,0.04148187545151687
1748372970.988357,2.016774030928848,0.1548699227213728,0.046290938182186304
1748372971.082648,2.1157108675023473,0.15822977457192877,0.057019546802257556
1748372971.179736,2.22927635602745,0.1678748854384544,0.07080730995041543
1748372971.280342,2.3409198696272875,0.17412297522325204,0.06950897908061736
1748372971.381109,2.4553476502429756,0.17694283295222313,0.06713373176803611
1748372971.482876,2.5680831121128675,0.17985982780428333,0.0702943375406172
1748372971.581423,2.681589034027833,0.1868625496971017,0.073921949699043
1748372971.685346,2.8099070087716447,0.19636538014258953,0.07754954048833587
1748372971.784298,2.9560255639880935,0.21160169707435017,0.06892232008800592
1748372971.879852,3.079272759265154,0.2232280806621567,0.05332888488850381
1748372971.97986,3.2151728767333,0.23207909398896742,0.03801811359275065
1748372972.083885,3.347733274307129,0.23487233741550906,0.018750401814644487
1748372972.179507,3.4560915572649584,0.2535772047216467,0.014194160144364327
1748372972.280703,3.5700973950483874,0.2560745976171477,5.078464958204831e-05
1748372972.384931,3.6815221665868636,0.2596908031168015,-0.0023787890552367658
1748372972.479925,3.7912950567180204,0.25942967607465484,-0.019890936892715858
1748372972.580267,3.903153213336693,0.2617725336064938,-0.027080562525328998
1748372972.681492,4.030739976899957,0.27035966640217435,-0.02293853762169321
1748372972.781321,4.151507314924541,0.2697393971626747,-0.031616034798269715
1748372972.880401,4.273171167776226,0.26557421811650794,-0.036994507346740056
1748372972.978799,4.397975640646896,0.26473346961214794,-0.03332161859625429
1748372973.079773,4.519108571228722,0.2554465490700366,-0.05262835188253572
1748372973.179127,4.637856113573113,0.24919128540122149,-0.05837240771032607
1748372973.279958,4.7587559622578635,0.23883869792974544,-0.059689946614267755
1748372973.379458,4.872179315498834,0.22020326676522828,-0.07542511977270923
1748372973.477377,4.983028964775223,0.1983912058418955,-0.07498676325537647
1748372973.576227,5.104273022618198,0.17871927955287692,-0.07068610655964498
1748372973.677364,5.225530164289791,0.15655521575558673,-0.05663638634131873
1748372973.776598,5.348694989563531,0.14417536831150723,-0.006315733595737567
1748372973.877731,5.471906952607162,0.12926766892050434,0.0747432370983298
1748372973.976934,5.594389484903193,0.13843949586461068,0.185229239479893
1748372974.076054,5.711659222474743,0.15800077697687787,0.2914749978151575
1748372974.175994,5.826046179235649,0.19531607851528676,0.38194040175732613
1748372974.275119,5.942836110045098,0.2268025518499428,0.466370334895429
1748372974.375551,6.061858430760706,0.2763636091059265,0.5374761077123185
1748372974.475201,6.169198275448355,0.33795426758741787,0.6078407472432475
1748372974.575438,6.261772840634416,0.4077109407580224,0.6867034611744591
1748372974.677725,6.3467907648794935,0.48604884507692336,0.74413289491961
1748372974.776132,6.421486414609932,0.5548208988455592,0.7972688630492052
1748372974.876328,6.5001219422998,0.6340568672617648,0.8534322436394705
1748372974.974364,6.566356083695567,0.7199462248019071,0.9006854991686716
1748372975.074509,6.633151470009033,0.8031432873113697,0.9482913110935208
1748372975.17503,6.699579624229723,0.8815917406892329,0.992523797937743
1748372975.277603,6.759636830979135,0.9764702692465708,1.0524667813773574
1748372975.39068,6.8198302529968515,1.084798879161184,1.1003570535379035
1748372975.475322,6.8628905871846495,1.1632149076316152,1.1426402707439207
1748372975.574728,6.903771240408782,1.2527886338215888,1.2005446216814684
1748372975.674184,6.936873115500416,1.356921924600579,1.2684325149764832
1748372975.774901,6.965182028263724,1.4575038956995208,1.2064622428165845
1748372975.874467,7.001151727998037,1.5690088685316006,1.147263271602449
1748372975.973509,7.042574361126414,1.6819557224129635,1.0766157409310346
1748372976.073337,7.102463696429771,1.7984204361628935,1.068850149508811
1748372976.173452,7.153661220657339,1.8900859659816058,1.131130033469779
1748372976.273517,7.202879111908588,1.994721859680837,1.2243475067759046
1748372976.373101,7.237196233376037,2.0879281822539726,1.303381908858573
1748372976.471878,7.260085066860152,2.2005169899023187,1.3697877038686628
1748372976.571143,7.278207623958288,2.296523800296811,1.4042758784556078
1748372976.673114,7.287773509625062,2.4183951623122675,1.4376822378703533
1748372976.770133,7.291375853753117,2.52112957642581,1.473648215201612
1748372976.870805,7.294592205007701,2.6152675237369416,1.5047028413799841
1748372976.983092,7.2952723012923535,2.7226410463497492,1.544599879224579
1748372977.071566,7.297185153555338,2.7956438712713747,1.5681483640482994
1748372977.170341,7.300099978206187,2.883159312738055,1.589538962250601
1748372977.273861,7.3006410253309895,2.9580092585249287,1.5929595486509842
1748372977.369331,7.297159412384151,3.0388617895043026,1.5987423040443713
1748372977.471918,7.290852011436247,3.121907785521333,1.5901909643348908
1748372977.570958,7.285637738121782,3.2140368431549957,1.5945390772247203
1748372977.672719,7.278905581555245,3.302550760556818,1.6068630461835425
1748372977.771131,7.267822484709187,3.3941031948845204,1.616677678459018
1748372977.872282,7.263993119164443,3.4775069736524404,1.6299183094415834
1748372977.969291,7.262492399895185,3.5539543941444713,1.6336941961527545
1748372978.069438,7.257623174070165,3.6324623533836427,1.6604614998135439
1748372978.170628,7.244764083324612,3.714021399790666,1.6807125950277215
1748372978.270572,7.229553974859668,3.803523567903368,1.711219135924817
1748372978.37032,7.2137202152076405,3.9001615355996075,1.757459917275167
1748372978.470109,7.19690577299287,3.9891917360188356,1.8020895567584567
1748372978.571866,7.168702888663866,4.0777559858142345,1.862397926355553
1748372978.670328,7.142715770040985,4.164336352891441,1.9111296658682801
1748372978.769718,7.1094855764537055,4.247633514150141,1.978052899046761
1748372978.868887,7.066898032561534,4.333288198706311,2.055523265917718
1748372978.968454,7.021178597140817,4.415149338155331,2.125998704960653
1748372979.068009,6.96888636681679,4.489114010424503,2.194876072458691
1748372979.166902,6.910463710030419,4.561871703475437,2.2550891224977674
1748372979.267509,6.855345750887058,4.62943592871284,2.3104006510809425
1748372979.365806,6.794113221596682,4.689371172294649,2.36784091684102
1748372979.467521,6.729768582353981,4.750540438131175,2.40926025362164
1748372979.567493,6.662508723571792,4.806484454700929,2.447336554003906
1748372979.665363,6.582131071300944,4.8586225512902725,2.48327252448028
1748372979.767123,6.510286091397951,4.9143397085912985,2.5239513682002364
1748372979.869019,6.436045728341217,4.963372473438014,2.5648951886120477
1748372979.968614,6.367506393313613,5.00926032934983,2.6010111664041213
1748372980.06547,6.2955322494632195,5.052460673263998,2.642638585241756
1748372980.16565,6.2088206642814585,5.090976620442174,2.6775829353430685
1748372980.267198,6.119729579848647,5.131089452583337,2.719159880100295
1748372980.364748,6.03143840278616,5.167746958454573,2.7625936697326465
1748372980.465585,5.947648849215895,5.211265086879259,2.791610902848647
1748372980.564633,5.864017970886822,5.237645287771276,2.826958710478023
1748372980.666613,5.774234313472274,5.263426063383311,2.853639648088053
1748372980.767465,5.686093427300875,5.283249417088894,2.886734427012245
1748372980.863635,5.605436459348962,5.304262442203779,2.928906286873614
1748372980.970376,5.52205557633976,5.319100032072362,2.976155135877146
1748372981.064167,5.43818426542388,5.3227196106134915,3.0189889008329214
1748372981.165559,5.350848683833854,5.333483898714546,3.051246410598028
1748372981.262427,5.262184940329799,5.338240720619811,3.094984396369958
1748372981.362592,5.1675787621095095,5.34309930354746,3.1306484907045995
1748372981.463868,5.074668540625617,5.340967005881165,-3.1203398920013874
1748372981.563027,4.989750350906872,5.335469742908888,-3.078751095896318
1748372981.666892,4.908465761107191,5.330354958029701,-3.062889197278305
1748372981.763482,4.831073306766083,5.332153053418688,-3.0610985205836636
1748372981.863765,4.7397843907505335,5.323861863862217,-3.0724394309134158
1748372981.964088,4.639162279280654,5.315498965052203,-3.089205136356001
1748372982.062441,4.549023634248054,5.307953718835273,-3.094918960291995
1748372982.160715,4.458524839864365,5.303061545683872,-3.1117322214915966
1748372982.26046,4.379463316334344,5.303169307920594,-3.1268491188295617
1748372982.363902,4.294089758943181,5.301910508699113,-3.135199123622663
1748372982.462426,4.222250499725828,5.292673878789716,-3.1375603221840165
1748372982.561322,4.151034131239536,5.2947299071318605,3.138521187452571
1748372982.659978,4.089060865679629,5.298639941588338,3.130629391563367
1748372982.762199,4.018489680319536,5.301047856579945,3.1205014285501895
1748372982.861658,3.94948447803149,5.3023567327530605,3.1142948679372844
1748372982.959917,3.872455386092314,5.298079596323963,3.1053623210784167
1748372983.061631,3.7927492663973728,5.300968639742758,3.091715148310854
1748372983.160363,3.717547951612662,5.309301475238922,3.0809387275464877
1748372983.259009,3.651944100039163,5.312461059411254,3.0752527269727254
1748372983.360793,3.5930764327170497,5.316465945908833,3.0762128324158726
1748372983.460623,3.531188474602809,5.326228908397416,3.0784355068158953
1748372983.563489,3.464987904120389,5.331266742991678,3.0794452252502484
1748372983.663455,3.3937167050204398,5.33322594660609,3.085060639441548
1748372983.759181,3.322363427820527,5.340781274663324,3.087484208676464
1748372983.862455,3.2457561953846072,5.344930422856747,3.0907511833990564
1748372983.959489,3.175373932761585,5.350625637654671,3.0960975831589277
1748372984.070307,3.1024165882460233,5.352932962466508,3.102581888152236
1748372984.159279,3.0479428231889942,5.3609739810724015,3.109117733442386
1748372984.258313,2.9867330665129357,5.3719257995650285,3.111742918851205
1748372984.358015,2.9215558032108104,5.3676188948985075,3.1207941650945825
1748372984.460298,2.849126913179556,5.377281876699389,3.1336281374768618
1748372984.560031,2.7799165867892945,5.375416585989426,3.137713878463674
1748372984.65667,2.708126373354178,5.375695045480064,-3.134613482939405
1748372984.756872,2.6390550186661255,5.382293915669931,-3.128577875423349
1748372984.855805,2.5714742497835155,5.3826889880139,-3.116298939701175
1748372984.959478,2.5003545519907027,5.381842300676991,-3.105512946861069
1748372985.060062,2.430391521302858,5.384127370243592,-3.0899893344650295
1748372985.156153,2.357693365619689,5.3828595789649105,-3.080290324197687
1748372985.259463,2.2806599278274877,5.376627104561004,-3.065316835671887
1748372985.358679,2.20716921806267,5.371010644147623,-3.058714937959629
1748372985.458837,2.1279788675871223,5.366676642935686,-3.0528394173214246
1748372985.555366,2.053343835880417,5.358588419783987,-3.0482384002988594
1748372985.659428,1.9760184219160712,5.351780831522833,-3.0413634759491583
1748372985.755769,1.9020877021164984,5.341744485917676,-3.0371484329369567
1748372985.855515,1.8251542000015795,5.336451151895396,-3.0399169188735278
1748372985.956835,1.7506636236955984,5.3315532741536975,-3.037982963041566
1748372986.055713,1.6779916210831942,5.322030288717189,-3.0365790160672548
1748372986.161149,1.6000973398606915,5.313820124500631,-3.0328986031790963
1748372986.257675,1.5396716868097842,5.30773508622031,-3.0255747205226795
1748372986.354689,1.4841193907943242,5.303479150292565,-3.0152706109243907
1748372986.458097,1.429896190109091,5.29432608771457,-3.0019615976441028
1748372986.559701,1.3724075916212812,5.285594168588838,-2.990046970479939
1748372986.660044,1.307279503931234,5.287243525054654,-2.981713324896957
1748372986.757408,1.232541228580931,5.273699898131363,-2.974604390990592
1748372986.864304,1.1469884436122404,5.254546475138122,-2.9479949734567183
1748372986.957795,1.0636885232669306,5.23821526052541,-2.917910087375577
1748372987.054519,0.9671880722157529,5.212191949262342,-2.8566380875714823
1748372987.155049,0.8713766289838865,5.1909513024246134,-2.792354794134447
1748372987.253759,0.7632271576363601,5.158820315172862,-2.7163476564654445
1748372987.354379,0.6621820534789631,5.111548416428445,-2.6474914498658357
1748372987.459692,0.5579771053166338,5.054812603715966,-2.5738610139336173
1748372987.556441,0.46939624436134,4.998263909658593,-2.503703237165189
1748372987.652547,0.3833635585722732,4.934490599317744,-2.441116651050697
1748372987.753776,0.2929084892126781,4.855826911921428,-2.3751310658000433
1748372987.85428,0.1993396292962577,4.771817050012077,-2.3000670833441363
1748372987.95174,0.12108667391822836,4.685172049352728,-2.22785869794782
1748372988.050709,0.04246670118879958,4.596581008311113,-2.161788056795745
1748372988.150161,-0.020074413081284437,4.503464380075924,-2.1080332732028038
1748372988.270128,-0.08916545599649028,4.388367142465723,-2.0585877709481704
1748372988.349878,-0.13081501783489768,4.309865206705838,-2.0257911053917095
1748372988.45315,-0.18647604901229275,4.206592066567592,-1.976506949100948
1748372988.551149,-0.2394198437858761,4.098238427527663,-1.9420795180999022
1748372988.650958,-0.2837585454093503,3.9878620003938647,-1.9005100172035883
1748372988.75022,-0.32772639741529064,3.8816503626189753,-1.8532418919280893
1748372988.849868,-0.36606335808337276,3.7757663749111576,-1.7934116782014968
1748372988.952339,-0.388232843446342,3.668898522384855,-1.72351091943668
1748372989.051195,-0.40345606275124224,3.562009251370557,-1.662373723571569
1748372989.149545,-0.413478245398633,3.452875878075035,-1.6104486385413064
1748372989.249146,-0.4164394306014594,3.3430239666687007,-1.5525188698551184
1748372989.349559,-0.42005860570437514,3.2422578742767896,-1.5145176657763955
1748372989.45166,-0.41308643710719783,3.142483680621973,-1.489693115382558
1748372989.551057,-0.4120090971290895,3.048543667301527,-1.487757954454328
1748372989.650028,-0.40117843033148404,2.9602511119213712,-1.4739490222531337
1748372989.751658,-0.3910050740200477,2.8612216471862353,-1.4632579130624213
1748372989.852308,-0.38719455146192283,2.770418092990539,-1.4661381143190126
1748372989.954135,-0.37753608178181386,2.678469458451489,-1.4650273552945703
1748372990.048708,-0.3610856684189132,2.5972397629705513,-1.4546804616649458
1748372990.149108,-0.35901265027610263,2.514023630589411,-1.4653495280153557
1748372990.250593,-0.35564272613404535,2.4177547295435753,-1.4784522929659536
1748372990.348349,-0.3610727099307236,2.3284702624109777,-1.487409500656016
1748372990.450723,-0.34712296385989116,2.2308887456958204,-1.4890807678099451
1748372990.548585,-0.33656496073470477,2.1322970087315714,-1.4884861910523908
1748372990.65173,-0.3258931350006007,2.019677076318409,-1.493145268966672
1748372990.747118,-0.3185639037370498,1.925480106521099,-1.504070736243663
1748372990.847192,-0.3140099896120172,1.827952538117005,-1.506909510907762
1748372990.94785,-0.2978139228534413,1.7435261664345294,-1.4732407797110523
1748372991.045047,-0.2872259439564413,1.653561796592717,-1.4484046005088027
1748372991.145086,-0.2713813303472845,1.5552473127023791,-1.41200897349841
1748372991.246643,-0.2494459952428172,1.4448270244769894,-1.2138857750267416
1748372991.344936,-0.18820736718603936,1.343984630419846,-0.9653751048458473
1748372991.445153,-0.11759170285716736,1.2419573175339256,-0.8139670693916089
1748372991.546149,-0.02246573135019103,1.1558616795714949,-0.7647488091077409
1748372991.645355,0.06238290722249884,1.0631363483605378,-0.7715099879589291
1748372991.745949,0.14735993186823415,0.9685909379850619,-0.7633151734794921
1748372991.845476,0.24006611503399955,0.8820051771121058,-0.7400326226683956
1748372991.94562,0.3309456690345305,0.7982353849275832,-0.7185607512656493
1748372992.044447,0.42112823675952127,0.7145665709621234,-0.7173554995705359
1748372992.146133,0.5149072684179152,0.6325775563152733,-0.7137000111399695
1748372992.246846,0.6123120543825449,0.548226690828483,-0.6633837480067717
1748372992.345407,0.7057247407111136,0.4772676558207172,-0.5944042070311688
1748372992.445697,0.8134961445085318,0.4130845029681982,-0.47297940804697264
1748372992.548475,0.937473207132828,0.37013165566853967,-0.36834040685158687
1748372992.646509,1.0581229505911778,0.32819805761303655,-0.2990717147081946
1748372992.746133,1.1785052810255827,0.2952902714976311,-0.23392385780010236
1748372992.845423,1.294104144537564,0.2677446615522783,-0.1757622177726667
1748372992.946246,1.4268854076629918,0.2527139069482871,-0.12144049121351416
1748372993.0445,1.5487849920714045,0.23275455929477573,-0.07791585805079847
1748372993.144578,1.668222566427739,0.22945167498081354,-0.03475759661907971
1748372993.248335,1.7924761591000702,0.22034119529811225,-0.0012690298782956754
1748372993.344376,1.903639711246519,0.2191188391213723,0.02705969117687838
1748372993.442602,2.0139824403647104,0.21208415625435695,0.034468781677136656
1748372993.542462,2.1275814240011823,0.20794369008417934,0.023775158176727988
1748372993.643326,2.2524281890889277,0.21091250107460713,0.010242026643590776
1748372993.743037,2.368057055496888,0.20516796824756067,-0.012474511920363153
1748372993.840989,2.498572915675305,0.22280544643514144,-0.013256380143471542
1748372993.940996,2.6268852854934788,0.20612163561862928,-0.02197533106883509
1748372994.042186,2.7498387475295,0.19475021344332166,-0.020739668429306076
1748372994.141692,2.8738745530397636,0.17811739519823533,-0.018454521359795025
1748372994.241436,2.9998078081372714,0.17156098270859932,-0.017949205236207424
1748372994.340139,3.120032890323399,0.16453892304155104,-0.025508552001281555
1748372994.439496,3.243009315974332,0.16140129192559716,-0.0355880583633283
1748372994.542182,3.367705538356181,0.15103376561129256,-0.03274961471457943
1748372994.641042,3.4787760835201516,0.14887227324632946,-0.10423564736720149
1748372994.739201,3.5864789999270874,0.13806996321555154,-0.19902617982336268
1748372994.839776,3.698552153303316,0.11444883680973827,-0.27358648693371423
1748372994.93946,3.79595919739163,0.07521254281494727,-0.3001315164312168
1748372995.039457,3.897834529899929,0.04005241315008323,-0.2879851411045319
1748372995.140586,3.9968460628498104,0.005511599957406688,-0.2782052496895797
1748372995.237805,4.089438827420027,-0.02093402066797445,-0.25943449750356495
1748372995.338148,4.179271273790099,-0.051859075863927906,-0.25137740282628473
1748372995.437318,4.2722692714491055,-0.08125846885628718,-0.242444183841525
1748372995.539544,4.36846050264937,-0.10799841723559833,-0.22378197784720363
1748372995.638705,4.459440449871183,-0.1351890567992715,-0.1939860673968099
1748372995.738684,4.548578933850363,-0.14905881496177198,-0.15342368086786962
1748372995.83734,4.641433496332384,-0.16616903909415548,-0.12370508717311564
1748372995.940199,4.742536487065578,-0.178740184087256,-0.0718679939057637
1748372996.038204,4.8379976560142275,-0.19069101115221176,-0.03644347492201625
1748372996.136885,4.936455258225929,-0.20143272894407893,-0.008783404201907813
1748372996.236089,5.036762435256392,-0.2109968461878049,0.030549596358474092
1748372996.336548,5.134713112752629,-0.21240286280983334,0.05918549722143317
1748372996.437135,5.236752991295017,-0.20266084314641297,0.08774155294806595
1748372996.536903,5.33317593375426,-0.19290360127457795,0.10997856600608139
1748372996.639276,5.43477758102015,-0.18232899273082737,0.143773841593204
1748372996.740109,5.533622049808134,-0.16801900741237574,0.16434228077460705
1748372996.83613,5.621924448776316,-0.14567469876821892,0.2063129956075506
1748372996.939266,5.722622607024501,-0.11561828705737831,0.2601647444146281
1748372997.035222,5.821991182677463,-0.08591203547612203,0.2985417305381239
1748372997.136421,5.920801934179425,-0.06198261710075492,0.3451874734560953
1748372997.234364,6.016573989437061,-0.02709415488419431,0.39339609045940394
1748372997.339788,6.115382113894299,0.018285467348803763,0.43299649726764705
1748372997.437035,6.2001350890098035,0.06455584745619092,0.4738671233407592
1748372997.536347,6.28766419995055,0.10944431623303519,0.5188250604139091
1748372997.635048,6.373187612910761,0.16833916298498508,0.5552650608368623
1748372997.740257,6.458887459842119,0.2319057523704915,0.6015209306374115
1748372997.835625,6.538952719636754,0.29144521234692,0.6436262067278032
1748372997.939667,6.6148853197331,0.349474665725805,0.6834121766506889
1748372998.038498,6.688670561126509,0.4119675295139391,0.7208877987970739
1748372998.136297,6.758351366502792,0.485029187119121,0.7728628979624304
1748372998.233372,6.82412005881346,0.5518349524111485,0.8277518589329469
1748372998.333338,6.891107850163914,0.6247517664780338,0.8725697732399221
1748372998.433003,6.95405338249954,0.709568902905362,0.9305565832908621
1748372998.534998,7.0155757975557815,0.7876842671875233,0.9836620052575041
1748372998.638838,7.071844783128382,0.8741880796292696,1.028684637959934
1748372998.73259,7.121759113558763,0.9584187120376084,1.0733415693292419
1748372998.831613,7.1685809854989735,1.0420248327296555,1.12717648844097
1748372998.933008,7.208905869572307,1.1405559037966349,1.1752826185228615
1748372999.035578,7.238881346069413,1.248448889331236,1.2363675343524319
1748372999.136376,7.271651871416269,1.342757767177245,1.2922238736408
1748372999.233088,7.29817279695416,1.4432736141503204,1.3390289225258942
1748372999.335881,7.323938757756613,1.5347677818253702,1.4012193551564753
1748372999.433299,7.335459357624588,1.6347696050719733,1.4535856515059309
1748372999.531189,7.3388976696227495,1.7402183668239504,1.5083518051767326
1748372999.630823,7.334368762883694,1.8591309930714957,1.5624136974954848
1748372999.736493,7.3317720717119546,1.970376995801046,1.6103735588979908
1748372999.829806,7.328115044280064,2.0627310497449556,1.6199416918173746
1748372999.930915,7.319718262032305,2.164781149896736,1.6395235423024503
1748373000.035725,7.304659778330162,2.2738229421730694,1.6529968902947665
1748373000.129787,7.298784931462119,2.3603543775456735,1.6450175160633147
1748373000.229889,7.292161372217453,2.4625549253559327,1.6426082869317127
1748373000.337331,7.284318306123404,2.567231812317011,1.623659071903432
1748373000.429239,7.286961333880194,2.6534051672029526,1.6010064950422476
1748373000.530966,7.282078366218853,2.766603280114793,1.6004833014983242
1748373000.631302,7.2790055106421345,2.8700814160635364,1.580125665832649
1748373000.733215,7.2668781265481535,2.9811176715774623,1.5665175242952416
1748373000.835553,7.277282093222812,3.076347093976599,1.54681795607478
1748373000.929665,7.288020241043642,3.181606958541874,1.5402565997562216
1748373001.034098,7.286282313526995,3.2966294870932216,1.542938424039312
1748373001.129247,7.298089642640896,3.4027373274672628,1.5548843962264383
1748373001.230328,7.293614670691927,3.513646952182349,1.5865968708120386
1748373001.332067,7.297622773161681,3.6146651909867686,1.6196739145830368
1748373001.429489,7.293104587403878,3.707030370591683,1.661969679225014
1748373001.529416,7.284303905611496,3.804689077245829,1.7233111968850163
1748373001.63193,7.26548501469253,3.9029062084638246,1.7831195229810364
1748373001.728909,7.252717544949299,3.9997415486462424,1.8346614617370613
1748373001.830346,7.228582698590374,4.0971883718499695,1.9011597486749465
1748373001.928985,7.193384199107808,4.197040500071081,1.966310275577259
1748373002.02862,7.164617968301439,4.290745321541391,2.022008060271438
1748373002.128933,7.121291458668772,4.380161216187452,2.0920396952752105
1748373002.228928,7.069520206356383,4.462872114075985,2.1719254602797764
1748373002.328503,7.007746017985616,4.539986094173693,2.2398149130079883
1748373002.426295,6.945894325172402,4.62013626433587,2.296278032966762
1748373002.527005,6.86888580142903,4.703393885039867,2.3638254149475726
1748373002.625178,6.789699820797946,4.773291323326772,2.4300819491123877
1748373002.725366,6.715446591573759,4.838328395648901,2.4890549187627475
1748373002.825051,6.644077016498202,4.898643535879434,2.5393945582934387
1748373002.927798,6.560208477897343,4.956292133514935,2.5835538897377868
1748373003.024741,6.480123480091573,5.003071895707512,2.63621631202583
1748373003.125257,6.390335727077728,5.054901715315064,2.672480796042352
1748373003.224502,6.306759502735392,5.093217521409579,2.7177037967023097
1748373003.323821,6.2116642564024485,5.14022833276598,2.7492429951347614
1748373003.424484,6.11766879942534,5.175815724383565,2.785320371883815
1748373003.524486,6.013068078827361,5.210239358273324,2.837842060368939
1748373003.624439,5.9119807116423,5.241400217308565,2.8701298699091504
1748373003.725962,5.815104817062442,5.268364033848482,2.9027994402720347
1748373003.825529,5.711482096633846,5.286604145058263,2.957131469999355
1748373003.923744,5.6163435313959225,5.30486731080659,2.9913596527654467
1748373004.024498,5.521662365716555,5.327955360693572,3.018850841644195
1748373004.12571,5.424201329571564,5.339277859790642,3.0604638413356393
1748373004.225439,5.3256417481297085,5.343819464035235,3.094374517281609
1748373004.326898,5.221597974959412,5.345338566516562,3.1150606678908432
1748373004.425517,5.120985080655063,5.342714175987075,3.1361715273183823
1748373004.524725,5.026815528536265,5.343224686021102,-3.12623573285942
1748373004.623327,4.927234752292023,5.329734813890377,-3.1131649645250508
1748373004.725758,4.822773355302814,5.323462141805187,-3.0958778996459206
1748373004.823562,4.729150630693569,5.316565010253929,-3.0829001916724144
1748373004.926274,4.624934931548656,5.317687269979527,-3.0836451652877543
1748373005.023881,4.523108790164432,5.302272351522623,-3.0799068968041303
1748373005.123042,4.42000114955624,5.290753879529521,-3.0874747078698497
1748373005.223162,4.314523636592478,5.286398269255173,-3.0966218054787467
1748373005.322941,4.211678608993346,5.2817701207653425,-3.107397176311081
1748373005.423964,4.098834971426221,5.263617649602072,-3.120135210572733
1748373005.520893,3.986366717930554,5.254105894654814,-3.1291057708953915
1748373005.61956,3.880468834936204,5.2515160376105445,3.1408172302662902
1748373005.719982,3.7766227014579883,5.253705859090851,3.133395118414921
1748373005.820665,3.6769624353558648,5.26892383920808,3.1175792037711214
1748373005.921138,3.569791857386078,5.267245148431451,3.1040345532244853
1748373006.019541,3.4642759087314907,5.271209991480115,3.096950048731193
1748373006.119373,3.359857100291098,5.273828670509435,3.0917625780736078
1748373006.220298,3.25707746149396,5.279825605423238,3.0819555307661917
1748373006.319079,3.1513162028145234,5.278696033329985,3.074677687303408
1748373006.419646,3.0511446949775323,5.274476456547726,3.0718833769034837
1748373006.520152,2.951670038510335,5.291509755593695,3.0665127536142918
1748373006.619708,2.8502009907290775,5.29581323895696,3.0685531656141705
1748373006.721368,2.7489831981955204,5.3013667421199955,3.0815370990467854
1748373006.821391,2.6500890737805314,5.307313034092482,3.0899384284110183
1748373006.919478,2.557864838491858,5.341602470389408,3.0972378709724695
1748373007.019817,2.4586201583920864,5.3506893575460355,3.110884612196906
1748373007.118775,2.3603111238658436,5.352072436392789,3.117129181987058
1748373007.218759,2.260647238976211,5.345726914297167,3.1303993424099774
1748373007.318525,2.1644023448390652,5.343750633612023,3.1400369632361635
1748373007.41949,2.064053872292097,5.346115364811135,-3.1373988433520212
1748373007.518399,1.963457650927521,5.334752522776754,-3.132319175006456
1748373007.619588,1.8632344381903574,5.33382307831646,-3.1169763623643525
1748373007.718629,1.7663693167030325,5.337342026851542,-3.103006427803451
1748373007.823029,1.6614573686842493,5.326408882887577,-3.085117251352045
1748373007.920717,1.5642517073781663,5.322340924266077,-3.067538666140597
1748373008.018471,1.4684377321199729,5.316414337517555,-3.040520242666533
1748373008.117346,1.3705011589287552,5.300383822888876,-3.006700155109334
1748373008.216316,1.2712488450602482,5.289124370727686,-2.9649663080132496
1748373008.315866,1.178223305497889,5.272520587458022,-2.91957477035594
1748373008.416916,1.0809050622931615,5.25610985774487,-2.8707870112457186
1748373008.51828,0.9802541889385998,5.251783123602541,-2.8209315080473303
1748373008.61499,0.8909037044176082,5.236734133856333,-2.7741375080110395
1748373008.714811,0.7933683448055799,5.192301851743237,-2.7307555214224264
1748373008.815223,0.7009463337646129,5.153484008319839,-2.6737600915750392
1748373008.915815,0.6113652329809733,5.1009153974281025,-2.614244332000645
1748373009.014635,0.5198335151142324,5.047972230539392,-2.5604179760887793
1748373009.11468,0.43700855185246557,4.993568765615925,-2.488390786362281
1748373009.214312,0.35558246513053327,4.926283392332024,-2.4112196427622505
1748373009.313731,0.2801435403026704,4.860905848186234,-2.3413992324515696
1748373009.421362,0.1952085006840787,4.803306388186679,-2.2599604870198267
1748373009.518008,0.13818320752913493,4.738377657865015,-2.2063523863555057
1748373009.613842,0.07291025421504349,4.65634091050009,-2.1764708326650837
1748373009.71563,0.01978030725553559,4.578990088212246,-2.136553637888465
1748373009.813594,-0.03044652889741073,4.501403346865584,-2.111120969026817
1748373009.914282,-0.07961214512637627,4.419443031738761,-2.0768529067547976
1748373010.012556,-0.12318069855769043,4.32858940828672,-2.0406999362451894
1748373010.112439,-0.1645306946693892,4.237437994594216,-1.9969470458238914
1748373010.211895,-0.2054663162785535,4.138828552949004,-1.9519170885444146
1748373010.31264,-0.24662226774057228,4.049698078426223,-1.904083595616222
1748373010.411518,-0.2744746247121772,3.9640890671363476,-1.8410260198584167
1748373010.513823,-0.2926915735004054,3.8795568784327097,-1.8042204814486296
1748373010.616354,-0.30485837021089823,3.81610440195177,-1.7593773458398925
1748373010.712461,-0.31378114598092655,3.769351281067672,-1.7340069237606157
1748373010.814192,-0.31703172135065616,3.733550321187225,-1.7104092232640733
1748373010.912274,-0.3193141403794204,3.714250143460686,-1.7013382756713586
1748373011.011498,-0.3193141403794204,3.714250143460686,-1.7013382756713586
1748373011.113931,-0.3143321120113236,3.7133708151093376,-1.698595561965462
1748373011.212008,-0.3143321120113236,3.7133708151093376,-1.698595561965462
1748373011.310375,-0.3143321120113236,3.7133708151093376,-1.698595561965462
1748373011.411939,-0.3143321120113236,3.7133708151093376,-1.698595561965462
1748373011.510008,-0.3143321120113236,3.7133708151093376,-1.698595561965462
1748373011.612033,-0.3143321120113236,3.7133708151093376,-1.698595561965462
1748373011.708797,-0.3143321120113236,3.7133708151093376,-1.698595561965462
1748373011.80943,-0.3143321120113236,3.7133708151093376,-1.698595561965462
1748373011.910562,-0.3143321120113236,3.7133708151093376,-1.698595561965462
1748373012.011808,-0.3143321120113236,3.7133708151093376,-1.698595561965462
1748373012.111204,-0.3143321120113236,3.7133708151093376,-1.698595561965462
1748373012.209665,-0.3143321120113236,3.7133708151093376,-1.698595561965462
1748373012.310983,-0.3143321120113236,3.7133708151093376,-1.698595561965462
1748373012.408815,-0.3143321120113236,3.7133708151093376,-1.698595561965462
1748373012.50947,-0.3143321120113236,3.7133708151093376,-1.698595561965462
1748373012.609575,-0.3143321120113236,3.7133708151093376,-1.698595561965462
1748373012.711145,-0.3143321120113236,3.7133708151093376,-1.698595561965462
1748373012.809532,-0.3143321120113236,3.7133708151093376,-1.698595561965462
1748373012.9082,-0.3143321120113236,3.7133708151093376,-1.698595561965462
